{
 "params": {
  "loss": "ce",
  "optimizer": "adam",
  "base_lr": 0.002365006108268153,
  "use_ema": true,
  "scale_max": 0.7146715729467352,
  "scale_min": 0.25075503271134675,
  "brightness": 0.002117499442591348,
  "contrast": 0.3708445148619904,
  "saturation": 0.7946544291578302,
  "h_flip": 0.1730642003382437,
  "v_flip": 0.09164457477105925
 },
 "value": 0.9490060806274414,
 "finished_trials": 100,
 "pruned_trials": 68,
 "completed_trials": 32
}