{
 "params": {
  "loss": "ce",
  "optimizer": "sgd",
  "base_lr": 0.06648642202183194,
  "use_ema": true,
  "scale_max": 1.0269574383145295,
  "scale_min": 0.3143845410745353,
  "brightness": 0.5291542842424355,
  "contrast": 0.03258616317829223,
  "saturation": 0.4793343873117824,
  "h_flip": 0.15877678901825154,
  "v_flip": 0.010501914055857708
 },
 "value": 0.9230824708938599,
 "finished_trials": 100,
 "pruned_trials": 93,
 "completed_trials": 7
}