{
 "params": {
  "loss": "ce",
  "optimizer": "adamw",
  "base_lr": 0.008365347519503118,
  "use_ema": false,
  "scale_max": 0.61143674403406,
  "scale_min": 0.5081642035559965,
  "brightness": 0.07827641962817694,
  "contrast": 0.4372675622592397,
  "saturation": 0.19337449361473263,
  "h_flip": 0.03512627670426231,
  "v_flip": 0.2632836697749197
 },
 "value": 0.9487419128417969,
 "finished_trials": 100,
 "pruned_trials": 81,
 "completed_trials": 19
}