{
 "params": {
  "loss": "ce",
  "optimizer": "adamw",
  "base_lr": 0.0036653665453769075,
  "use_ema": true,
  "scale_max": 0.34022313244257435,
  "scale_min": 0.1914880916343626,
  "brightness": 0.40706873218053574,
  "contrast": 0.027044549767976545,
  "saturation": 0.5829597633756426,
  "h_flip": 0.07457990999638084,
  "v_flip": 0.17368484574235588
 },
 "value": 0.9652910232543945,
 "finished_trials": 100,
 "pruned_trials": 74,
 "completed_trials": 26
}